,title,score,id,created
0,Predictions Tournament,77329,qqyi5z,1661382092.0
1,A list of NSFW subreddits for all of you,57877,brypgf,1558584785.0
2,"Fuck it, hereâ€™s the entire Quran",47477,m91ltz,1616223175.0
3,"For every upvote I have, I will add one ""Curse you Perry the Platypus.""",46460,aniwvn,1549401935.0
4,Fun things to do in public,40729,9vgnp7,1541731352.0
5,"In Korea, heart surgeon.",40627,g7zrr3,1587843232.0
6,"I have noticed that, although this subreddit has 481k readers, I am not receiving 481k upvotes on my posts.",39754,di4hp7,1571125646.0
7,"To everyone going through a tough time, hereâ€™s some bubble wrap to relieve some stress:",38422,fc0b33,1583095414.0
8,"For every upvote this post gets I will ban one ""For every upvote this post gets"" poster",37092,axtvqu,1551841235.0
9,I fucking hate gaming laptops.,36859,hx7utq,1595617502.0
10,"Reddit, am I the arsehole?",36181,gpmpwu,1590312066.0
11,"Women of reddit, what is the sexiest sexy sex sexual sexy sex thing you have done?",32050,ifw9hw,1598298348.0
12,HeyğŸ‘‹ ladiesğŸ’â€â™€ï¸ ğŸ“· Would ğŸ˜ you ğŸ‘ˆ like ğŸ‘ to 2ï¸âƒ£ get ğŸ˜® rich ğŸ’°ğŸ’°ğŸ’° by running ğŸƒâ€â™€ï¸ğŸƒâ€â™€ï¸ your ğŸ‘ˆ own business ğŸ‘©â€ğŸ’¼ğŸ’¼ from home ğŸ¡ with just â˜ your phone? ğŸ“±ğŸ¤³ Well ğŸ¤·â€â™€ï¸ you can't. ğŸ˜‚ Get ğŸ‘ a ğŸ‘ real ğŸ‘ job ğŸ‘ you ğŸ‘ stupid ğŸ‘ cunt,31901,b4jdj8,1553349065.0
13,cummybot,31430,qqyi5x,1636563127.0
14,Some girl in our group chat said â€œmeowâ€ and my friend wrote this entire response by hand,31372,dlru53,1571792989.0
15,Dear women who post nudes on reddit.,30441,ok5ou1,1626273524.0
16,Own a musket for home defense,30384,9sc91k,1540812630.0
17,TIFU by having sex with my dominant girlfriend,29502,hv3uyt,1595320852.0
18,â£¿â£¿â£¿â Ÿâ ›â ›â »â£¿â£¿â£¿â£¿â£¿â£¿â£¿â£¿â£¿â£¿â¡Ÿâ¢‹â£©â£‰â¢» â£¿â£¿â£¿â €â£¿â£¶â£•â£ˆâ ¹â ¿â ¿â ¿â ¿â Ÿâ ›â£›â¢‹â£°â £â£¿â£¿â €â£¿ â£¿â£¿â£¿â¡€â£¿â£¿â£¿â£§â¢»â£¿â£¶â£·â£¿â£¿â£¿â£¿â£¿â£¿â ¿â ¶â¡â €â£¿ â£¿â£¿â£¿â£·â ˜â£¿â£¿â£¿â¢â£¿â£¿â£‹â£€â£ˆâ£»â£¿â£¿â£·â£¤â£¤â£¿â¡â¢¿ â£¿â£¿â£¿â£¿â£†â¢©â£â£«â£¾â£¿â£¿â£¿â£¿â¡Ÿâ ¿â ¿â ¦â €â ¸â ¿â£»â£¿â¡„â¢» â£¿â£¿â£¿â£¿â£¿â¡„â¢»â£¿â£¿â£¿â£¿â£¿â£¿â£¿â£¿â£¶â£¶â£¾â£¿â£¿â£¿â£¿â ‡â£¼ â£¿â£¿â£¿â£¿â£¿â£¿â¡„â¢¿â£¿â£¿â£¿â£¿â£¿â£¿â£¿â£¿â£¿â£¿â£¿â£¿â£¿â¡Ÿâ£° â£¿â£¿â£¿â£¿â£¿â£¿â ‡â£¼â£¿â£¿â£¿â£¿â£¿â£¿â£¿â£¿â£¿â£¿â£¿â£¿â£¿â¢€â£¿ â£¿â£¿â£¿â£¿â£¿â â¢°â£¿â£¿â£¿â£¿â£¿â£¿â£¿â£¿â£¿â£¿â£¿â£¿â£¿â£¿â¢¸â£¿ â£¿â£¿â£¿â£¿â Ÿâ£°â£¿â£¿â£¿â£¿â£¿â£¿â£¿â£¿â£¿â£¿â£¿â£¿â£¿â£¿â£¿â €â£¿ â£¿â£¿â£¿â ‹â£´â£¿â£¿â£¿â£¿â£¿â£¿â£¿â£¿â£¿â£¿â£¿â£¿â£¿â£¿â£¿â£¿â¡„â£¿ â£¿â£¿â ‹â£¼â£¿â£¿â£¿â£¿â£¿â£¿â£¿â£¿â£¿â£¿â£¿â£¿â£¿â£¿â£¿â£¿â£¿â¡‡â¢¸ â£¿â â£¼â£¿â£¿â£¿â£¿â£¿â£¿â£¿â£¿,29154,llr7km,1613556609.0
19,"I'm surprised that ""Karen"" isn't a more popular porn category. Like, there's so much potential.",29070,jdcyar,1603011031.0
20,An automatically categorized list of 2600+ NSFW subreddits,28682,elf2c0,1578420030.0
21,"We did it boys, racism is no more.",28607,gvd96r,1591123972.0
22,AITA for not showing up to my own funeral?,27739,cwe6d2,1566957116.0
23,How to piss off as many Redditors as possible in one comment,26911,dlf16g,1571733569.0
24,My teacher caught me jerking off to my crush in zoom class (OC),26660,g0f9qs,1586768226.0
25,Found on the cyberpunk 2077 subreddit,25202,kb1zbn,1607690247.0
26,RIP Obama,25078,b82ocf,1554126884.0
27,AITA for throwing my sister in front of a train?,24707,e1vc8e,1574758532.0
28,"Hi, can anyone tell me what this subreddit is about?",24324,9uxpve,1541579476.0
29,state of the modmail,24271,afhoby,1547370301.0
30,AITA For Killing My Political Rival To Win The Election?,23750,idn24w,1597972122.0
31,fuck people who play jenga wrong,23740,ehmpq2,1577716337.0
32,"If you shit in the sink at exactly 4:20 am and yell â€œamogusâ€ 69 times,a shadowy figured called mom will come to beat you up and you will wake up in a place called the orphanage",23584,nakvfo,1620812935.0
33,No fap challenge: year 80,23576,9unyu0,1541508114.0
34,I just downvoted your comment.,23233,dfcuzs,1570601017.0
35,An uncategorized list of 1250 NSFW subreddits,22796,e6tse3,1575607476.0
36,How Trump can still win,22091,kdjw0o,1608030779.0
37,bad scp writers be like,22088,kq1db7,1609735164.0
38,ğŸ‡ºğŸ‡¸ATTENTIONğŸ‡ºğŸ‡¸PLEASEğŸ‡ºğŸ‡¸,21951,bmn8fw,1557426010.0
39,"MY CAT DIED, POKIMANE DIDNT SAY MY NAME AFTER A 1000$ DONATION AND THEN MY FAMILY AND I DIED IN A CAR CRASH, CAN THIS GET 20,000 UPDOOTS AN F AND REDDIT GOLD?",21777,i6bfyy,1596938686.0
40,Fuck it i dont care if i am banned,21750,mc8mf0,1616599696.0
41,110 reasons to NOT commit suicide,21244,j0ku0m,1601181238.0
42,The Girl you just called fat? She shit herself & lost 15kgs. The Boy you just called stupid? He shit himself. The Girl you just called ugly? She spends hours shitting and farting. The Boy you just tripped? He shit his pants. There`s more to people than you think. Like this if your against bullying.,21027,m8eam9,1616149682.0
43,be the shit you want to post in the world,21008,fyb48u,1586504421.0
44,"I sexually Identify as the ""I sexually identify as an attack helicopter"" joke.",20989,cn7ru9,1565194195.0
45,The ğŸ’° specific ğŸ’° views ğŸ’° expressed ğŸ’° by ğŸ’° blitzchung ğŸ’° were ğŸ’° NOT ğŸ’° a ğŸ’° factor ğŸ’° in ğŸ’° the ğŸ’° decisionğŸ’° weğŸ’° made.ğŸ’° I ğŸ’° want ğŸ’° to ğŸ’° be ğŸ’° clear: ğŸ’° our ğŸ’° relationships ğŸ’° in China ğŸ’° had ğŸ’° noğŸ’° influence ğŸ’° on ğŸ’° our ğŸ’° decision.ğŸ’°,20611,dgr1g7,1570858733.0
46,Every askreddit response,20606,dxpm2r,1574012318.0
47,âš ï¸WARNINGâš ï¸ cock inspection is NOT required at the voting booths!!!! don't be tricked like me!!,20410,jnjprc,1604440282.0
48,7th graders bio be like,19641,iqq5m6,1599829824.0
49,Is it possible to sleep with a manâ€™s penis in your mouth all night long?,19516,gqbvs4,1590416928.0
50,Noobmaster69 copypasta,19285,bij4d6,1556504498.0
51,AITA for not telling my wife about all the hitchhikers I killed in the 70s?,19105,i71za7,1597053392.0
52,Actual post from a weeb Facebook group. Translated from Spanish to English by me,19048,ohigbd,1625922715.0
53,I fucked a DVD. (taken from r/teenagers),18972,dhfikj,1570996166.0
54,Donald Trump also answers the following question: What is 2+2?,18945,i2wdm8,1596458677.0
55,Don't pick a circumcised penis if you're a male (An actual Cyberpunk 2077 review),18841,kaeul3,1607605171.0
56,SÍÌ§Ì˜ÍšÍ–AÌ¨ÍÌ¤Í•TÍÌ¨Ì™Ì¯Ì¯ÍˆÌ®ÌºÍ™Ì Ì–IÍÍ‰ÌºÌ®Ì AÍÍ˜ÍšÌ Í™TÌ§ÍÌ­EÌ•Ì°ÌŸ Í¢Ì•Í Ì¥Ì¤ÌÌ­MÍÍÌ¹ÌÌ¯YÍÌ´ÌªÌºÌ¹Ì«Í‰Í‡ Ì¡ÍÍÌœHÍ¡Í“Ì­Ì Ì¼Ì¦UÌºÍ–Ì»ÌÍ‰ÌÌ³ÌNÍ Ì—Í”GÍ ÌºÍ™Ì±Ì˜Ì­Ì¯Ì¹ÍˆEÍœÌŸÍ…Ì¼Ì¤RÌ«ÌœÌ³Ì­Ì±Ì˜Ì«,18614,dd21zg,1570160935.0
57,"A frat guy at my university had a meltdown that we memed to shit as a copypasta, might as well share it here and see what you do with it",18565,hpm2hq,1594517724.0
58,Somebody actually seriously fucking posted this in response to the Navy Seals pasta and I'm fucking dying,18465,cdxm5n,1563286605.0
59,Being A Hentai Actress Must Be So Weird,18461,lr2y7x,1614138694.0
60,I am awaiting my ban.,18274,hu004g,1595163051.0
61,"Fuck it, biggest hentai subreddit list on the site because this sub is nsfw",18266,geyact,1588819190.0
62,Premium redditors should be known as Predditors,18240,ivolp8,1600503350.0
63,I will die in three (3) days. AMA.,18231,i6lug5,1596989281.0
64,We did it :') Cummy is number 1 on the bot rank list,18144,i5zsm1,1596896011.0
65,Twitch Should Ban The Term â€œLive-Streamingâ€,18110,kfm8f4,1608302222.0
66,This ğŸ‘ˆğŸ‘‰ is money snek. ğŸğŸğŸ’°ğŸ’° Upsnek â¬†â¬†ğŸ”œğŸ”œ in 7.123 7âƒ£ 1âƒ£2âƒ£3âƒ£ snekonds ğŸğŸ or you âœ‹âœ‹ will NEVER âŒâŒâŒâŒ get monies ğŸ’°ğŸ’° again Beware!! âœ‹âœ‹âŒâŒ YouğŸ˜ğŸ˜ don't âŒâŒ have much time!!ğŸ•›ğŸ•§ğŸ•ğŸ•œğŸ•‘ğŸ•ğŸ• You ğŸ˜ğŸ˜ may never âŒâŒget monies ğŸ’°ğŸ’°ğŸğŸ’°ğŸ’° again!!,18107,9krel4,1538492776.0
67,fortnite should add a pregnant female skin,17962,mkj4sk,1617624438.0
68,It is physically impossible to simp for pokimane,17862,gid1aa,1589296315.0
69,É´á´á´¡ á´˜ÊŸá´€ÊÉªÉ´É¢: Who asked (Feat: No one) â”€â”€â”€â”€â”€â”€â”€â”€â”€â”€â”€âšªâ”€â”€â”€â”€â”€â”€ â—„â—„â €â–â– â €â–ºâ–º 5:12/ 7:ğŸ»ğŸ¼ â”€â”€â”€â—‹ ğŸ”Šâ € á´´á´° âš™ï¸,17867,emgn50,1578606758.0
70,If your doctor spoke like Trump,17560,fpxgq9,1585317836.0
71,Everyone gets a billion,17353,jelyy6,1603185339.0
72,AITA for accidentally pushing innocent classmate by trying to tackle school shooter?,17222,cp9nu2,1565599449.0
73,Hit or miss,17067,a1udqj,1543598295.0
74,A young Ben Shapiro insults his classmate :,17066,iwq8mo,1600649384.0
75,The ending of WWII was AWFUL,17057,bsq3jx,1558755111.0
76,I masturbate to pictures of Ben Shapiro almost every day just because I know he would hate the idea of a male wanking to him,16982,lpr59w,1614008163.0
77,for the youtube commenters that think itâ€™s necessary to start their comments with â€œnobody:â€,16936,gom61n,1590163754.0
78,Family Fued,16917,9zk3c9,1542938521.0
79,Yee-yee ass haircut translated to japanese and then back to english,16844,l8w3u9,1612041868.0
80,Just saw endgame,16836,bhuejp,1556330939.0
81,Logan Paul apology but I replace the word â€œapologizeâ€ with â€œcumâ€,16819,f8mwfs,1582524223.0
82,the avatar intro but its in a cockney accent,16769,gtemms,1590846770.0
83,Sigma male schedule,16668,oe52ow,1625483035.0
84,Reasons to kill yourself,16671,n68mz0,1620311606.0
85,ASUSâ„¢ is teaming up with r/Copypasta for a subreddit givaway!,16633,irbvx3,1599914459.0
86,i got banned for posting this on r/nofap ğŸ¥¶,16591,lic9rx,1613140685.0
87,If my girlğŸ‘§ğŸ˜ and my beybladesğŸ’¯ğŸ”¥ are both drowningğŸŒŠğŸ˜¦ and I could only save oneğŸ˜„â˜ï¸you can catch me letting it ripğŸ˜¤ at my girls funeralğŸ˜…ğŸ‘»ğŸ’€ cause it's bey blade or catch a fade my niggağŸ™ğŸ‘ŠğŸ˜ ğŸ’¯ğŸ˜­,16582,b9pu7s,1554462614.0
88,I saw exactly 1.09441 square inches of a girl's shoulder today.,16514,dtysde,1573319933.0
89,(From r/unpopularopinion) If you want to be proud of a large animal you killed then you need to kill it with a spear.,16486,hh99kd,1593323305.0
90,I Finally Came After Edging for 16 Years! AMA,16409,izdvyu,1601012149.0
91,***THIS IS WARNING ABOUT A SCAM***,16368,gms3i2,1589906377.0
92,Homophobia,16316,a2k5yx,1543804167.0
93,this got me banned from r/terraria,16313,gnki6f,1590012905.0
94,AITA for literally being a perfect person?,16287,gnvomv,1590062942.0
95,"I, an atheist, accidentally said â€œoh my g*dâ€ instead of â€œoh my scienceâ€",16220,jmcsjb,1604274353.0
96,A man in Lego City just can't take it anymore,16180,f1t58e,1581353882.0
97,Girl: Do you want to fuck me?,16173,en8m6y,1578755954.0
98,"My bf [27M] will only have sex with me [25F] if I wear cat ears and say â€œUgh fine, I guess you are my little pogchamp. Come here.â€",16115,keap6h,1608130753.0
99,Trump wins,16052,jsj4nn,1605137163.0
